ATERIO_DATACENTER_UNIQUE_ID,DATACENTER_BUILDING_NAME,DATACENTER_CAMPUS_NAME,PROVIDER_NAME,PROVIDER_URL,PROVIDER_PUBLIC_PRIVATE,PROVIDER_TICKER_NAME,PROVIDER_BLOOMBERG_TICKER_NAME,STOCK_EXCHANGE_PROVIDER_NAME,PROVIDER_BACKED_BY,DATACENTER_STAGE,FULL_ADDRESS,ZIP_CODE,COUNTY_FIPS_CODE,COUNTY_NAME,CITY_NAME,PLACE_FIPS_CODE,STATE_CODE,STATE_NAME,LOCATION_LATITUDE,LOCATION_LONGITUDE,SITE_ACREAGE,TOT_FACILITY_SPACE_SQFT,TOT_DATACENTER_SPACE_SQFT,TOT_POWER_MW,EST_TOT_POWER_MW,EST_TOT_POWER_MW_LOWER,EST_TOT_POWER_MW_UPPER,AVG_MARKET_POWER_COST,CENTS_KWH,YEAR_BUILT,UTILITY_NAME,UTILITY_CODE,UTILITY_PUBLIC_PRIVATE,UTILITY_TICKER_NAME,UTILITY_BLOOMBERG_TICKER_NAME,UTILITY_EXCHANGE_PROVIDER_TICKER_NAME,DATASHEET_URL,MAP_URL,NOTES,RECORD_UPDATED_DATE,UPDATED_AT
d60ef714-c6e0-42ce-9ec4-f476c3c31d47,Palmeto GA Data Center  (East US 3),"Georgia 2, Microsoft Campus",Microsoft,https://www.azure.microsoft.com/en-ca/explore/global-infrastructure,Public,MSFT,MSFT:US,NASDAQ:MSFT,,Announcement,,,,,,,GA,Georgia,,,116,245000,250000,,On Subscription,On Subscription,On Subscription,,,,,,,,,,https://www.datacenterdynamics.com/en/news/microsoft-acquires-another-136-acres-outside-atlanta-georgia/,,No location details available,2024-09-20,2024-11-15
300e7c04-f741-4c18-a773-9f040da6d2c8,Boston BOS13 Data Center,,Digital Realty,https://www.digitalrealty.com,Public,DLR,DLR:US,NYSE:DLR,NYSE:BX,Active,"55 Middlesex Turnpike, Bedford, MA, USA",01730,25017,Middlesex County,Bedford,,MA,Massachusetts,42.5124445,-71.236748,,106000,106000,10,On Subscription,On Subscription,On Subscription,13.04,,1971,,,,,,,https://www.digitalrealty.com/data-centers/americas/boston/bos13,https://maps.app.goo.gl/qJ9GRq97Wu623zG78,,2024-10-23,2024-11-15
1ead58ba-5af9-427a-b35c-49afb509a0bf,Marlborough 250 Facility,,Sungard Availability Services,https://1111systems.com/,Private,,,,,Active,"250 Locke Drive, Marlborough, MA",01752,25017,Middlesex County,Marlborough,38715,MA,Massachusetts,42.35248743,-71.58609808,,62000,23000,3,On Subscription,On Subscription,On Subscription,,,,,,,,,,https://www.sungardas.com/hubfs/_multimedia/document-file/sungardas-data-center-datasheet-marlborough-250-facility-boston-massachusetts.pdf?hsLang=fr-fr,https://maps.app.goo.gl/2VKWoS8YqJfixuEY7,,2024-09-20,2024-11-15
75ba8f6d-c3af-49fe-8571-790adc198df0,BOS01 Boston Data Center,,EdgeConnex,https://www.edgeconnex.com,Private,,,,,Active,"22 Linnell Circle, Billerica, MA 01821, USA",01821,25017,Middlesex County,Billerica,,MA,Massachusetts,42.5285134,-71.2493674,,54700,54700,1.5,On Subscription,On Subscription,On Subscription,,,,,,,,,,https://www.edgeconnex.com/locations/americas/boston-ma/,https://maps.app.goo.gl/PYUnp9kMCGMiY9Nq8,,2024-09-20,2024-11-15
f23a029a-e9ba-481c-acd9-c543ab9e19bf,BOS1 Waltham Data Center Campus,,Centersquare,https://www.centersquaredc.com,Private,,,,Brookfield,Active,"580 Winter Street, Waltham, MA, USA",02451,25017,Middlesex County,Waltham,72600,MA,Massachusetts,42.3967937,-71.2674674,,165968,165968,16,On Subscription,On Subscription,On Subscription,13.04,,1960,,,,,,,https://centersquaredc.com/hubfs/CenterSquare/docs/Centersquare-BOS-SpecSheet.pdf,https://maps.app.goo.gl/NjQRtTE29bdhdbPBA,,2024-09-20,2024-11-15
298cca0f-2671-4a1e-acd9-3ea4a35fe0c2,BOS4 Waltham Data Center Campus,,Centersquare,https://www.centersquaredc.com,Private,,,,Brookfield,Active,"486 Arsenal Way, Watertown, MA, USA",02472,25017,Middlesex County,Watertown,,MA,Massachusetts,42.36609703,-71.15936434,,201590,201590,15,On Subscription,On Subscription,On Subscription,13.04,,2002,,,,,,,https://centersquaredc.com/hubfs/CenterSquare/docs/Centersquare-BOS-SpecSheet.pdf,https://maps.app.goo.gl/x7fWMQE5qQQDPvA57,,2024-09-20,2024-11-15
a98b332f-1337-4eea-9a52-f526ca5704d1,NYM10 Stamford Data Center,,CyrusOne,https://www.cyrusone.com,Private,,,,KKR,Active,"10 Riverbend Drive South, Stamford, CT, USA",06907,09001,Fairfield County,Stamford,73000,CT,Connecticut,41.0827604,-73.5194693,,57000,20000,4,On Subscription,On Subscription,On Subscription,12.79,,1967,,,,,,,https://www.cyrusone.com/data-centers/north-america/connecticut/nym10-stamford,https://maps.app.goo.gl/8BaXvhgH3PB5PS1U7,,2024-09-20,2024-11-15
24ec6395-3dbd-4858-8d0e-61e933fc4a2b,Gainesville Crossing Building 1,"Gainesville, Corescale Campus",Corscale,https://corscale.com/,Private,,,,Patrinely Group,Active,"13760 University Blvd, Gainesville, VA ",20155,51153,Prince William County,Gainesville,30176,VA,Virginia,38.80238328,-77.58377523,130,500000,500000,72,On Subscription,On Subscription,On Subscription,,,,,,,,,,https://corscale.com/press-releases/corscale-begins-construction-on-its-second-building-at-gainesville-crossing-campus/,https://maps.app.goo.gl/FyRWQMNZNPjr5ueQ7,Satellite 2024-03-12  Construction 100%,2024-11-07,2024-11-15
d72add2b-ec19-4088-b60a-64d1a5b37259,IAD-03 Data Center,,Aligned Data Centers,https://www.aligneddc.com,Private,,,,,Construction,"22715 Relocation Drive, 20166 Sterling, Virginia",20166,51107,Loudoun County,Sterling,75376,VA,Virginia,38.98855252,-77.44074871,10,430000,430000,72,On Subscription,On Subscription,On Subscription,,,,,,,,,,https://aligneddc.com/aligned-data-centers-expands-presence-in-northern-virginia-with-new-sterling-hyperscale-campus/,https://maps.app.goo.gl/SGr3b5AGTxxHUWCi8,"Satellite 2024-11-02, Construction 80%, 2 possible DC beside it ",2024-11-04,2024-11-15
1caf3f25-38c7-4d1e-9e29-ac5fc05860d3,Maryland Hyperscale Data Center Building 1,"Maryland, Aligned Hyperscale Campus",Aligned Data Centers,https://www.aligneddc.com,Private,,,,,Announcement,"5601 Manor Woods Road, Frederick, MD",21703,24021,Frederick County,Frederick,30325,MD,Maryland,39.335916,-77.474017,75,427500,427500,66,On Subscription,On Subscription,On Subscription,,,,,,,,,,https://aligneddc.com/maryland/,https://maps.app.goo.gl/nNqw33F93EkvcKgy9,"Satellite 2024-08-11, No construction",2024-09-20,2024-11-15
9d07c797-3ad6-4939-b340-96d113698efe,PowerHouse 95 Building 1,"Virginia, Powerhouse Campus",Power House Data Centers,https://www.powerhousedata.com,Private,,,,American Real Estate Partners,Announcement,"Route I-95 and Hwy 17, Spotsylvania, Virginia",22407,51177,Spotsylvania County,Fredericksburg,29744,VA,Virginia,38.24247841,-77.50186807,145,437500,437500,100,On Subscription,On Subscription,On Subscription,,,,,,,,,,https://www.powerhousedata.com/data-center/powerhouse-95,https://maps.app.goo.gl/7W2kVAxmuQarEWMM8,Satellite 2024-02-25 No Construction,2024-09-20,2024-11-15
a32235d0-d511-48bc-9945-87a1f4938691,PowerHouse Charlotte Building 2,"Charlotte, Powerhouse Campus",Power House Data Centers,https://www.powerhousedata.com,Private,,,,American Real Estate Partners,Announcement,"10800 University City Blvd, Charlotte, NC, USA",28213,37119,Mecklenburg County,Charlotte,12000,NC,North Carolina,35.31213095,-80.7015767,122,500000,500000,60,On Subscription,On Subscription,On Subscription,,,,,,,,,,https://www.datacenterdynamics.com/en/news/powerhouse-seeks-to-build-data-center-campus-in-charlotte-north-carolina/,https://maps.app.goo.gl/FXc2RiNw7yQMoJsdA,"Satellite 2024-09-10 No Construction, Wating for Permissions",2024-11-14,2024-11-15
87f95852-d850-473b-b3c0-89ca13dd0da5,PowerHouse Charlotte Building 1,"Charlotte, Powerhouse Campus",Power House Data Centers,https://www.powerhousedata.com,Private,,,,American Real Estate Partners,Announcement,"10800 University City Blvd, Charlotte, NC, USA",28213,37119,Mecklenburg County,Charlotte,12000,NC,North Carolina,35.31213095,-80.7015767,122,500000,500000,60,On Subscription,On Subscription,On Subscription,,,,,,,,,,https://www.jsa.net/powerhouse-and-town-lane-announce-acquisition-of-future-data-center-in-nc/,https://maps.app.goo.gl/FXc2RiNw7yQMoJsdA,"Satellite 2024-09-10 No Construction, Wating for Permissions",2024-11-14,2024-11-15
eb7b3a39-3837-471b-b721-f69b6e1083d7,PowerHouse Charlotte Building 4,"Charlotte, Powerhouse Campus",Power House Data Centers,https://www.powerhousedata.com,Private,,,,American Real Estate Partners,Announcement,"10800 University City Blvd, Charlotte, NC, USA",28213,37119,Mecklenburg County,Charlotte,12000,NC,North Carolina,35.31213095,-80.7015767,122,500000,500000,60,On Subscription,On Subscription,On Subscription,,,,,,,,,,https://www.jsa.net/powerhouse-and-town-lane-announce-acquisition-of-future-data-center-in-nc/,https://maps.app.goo.gl/FXc2RiNw7yQMoJsdA,"Satellite 2024-09-10 No Construction, Wating for Permissions",2024-11-14,2024-11-15
eb950679-5059-479a-9ab2-9e2965db7210,PowerHouse Charlotte Building 5,"Charlotte, Powerhouse Campus",Power House Data Centers,https://www.powerhousedata.com,Private,,,,American Real Estate Partners,Announcement,"10800 University City Blvd, Charlotte, NC, USA",28213,37119,Mecklenburg County,Charlotte,12000,NC,North Carolina,35.31213095,-80.7015767,122,500000,500000,60,On Subscription,On Subscription,On Subscription,,,,,,,,,,https://www.jsa.net/powerhouse-and-town-lane-announce-acquisition-of-future-data-center-in-nc/,https://maps.app.goo.gl/FXc2RiNw7yQMoJsdA,"Satellite 2024-09-10 No Construction, Wating for Permissions",2024-11-14,2024-11-15
7e1a3ff8-c198-4dca-b0c5-211f67fcb254,PowerHouse Charlotte Building 3,"Charlotte, Powerhouse Campus",Power House Data Centers,https://www.powerhousedata.com,Private,,,,American Real Estate Partners,Announcement,"10800 University City Blvd, Charlotte, NC, USA",28213,37119,Mecklenburg County,Charlotte,12000,NC,North Carolina,35.31213095,-80.7015767,122,500000,500000,60,On Subscription,On Subscription,On Subscription,,,,,,,,,,https://www.datacenterdynamics.com/en/news/powerhouse-seeks-to-build-data-center-campus-in-charlotte-north-carolina/,https://maps.app.goo.gl/FXc2RiNw7yQMoJsdA,"Satellite 2024-09-10 No Construction, Wating for Permissions",2024-11-14,2024-11-15
4715b0f6-61b7-4787-bc43-b4d98e19a4d1,ATL 11 Atlanta Data Center,"Atlanta, EdgeConnex Campus",EdgeConnex,https://www.edgeconnex.com,Private,,,,TA Realty,Announcement,"4810 Stonewall Tell Rd, College Park, GA ",30349,13121,Fulton County,Atlanta,04000,GA,Georgia,33.62536043,-84.5619878,,,,65,On Subscription,On Subscription,On Subscription,,,,,,,,,,https://www.businesswire.com/news/home/20240716972388/en/TA-Realty-and-EdgeConneX%C2%AE-to-Develop-324-MW-Hyperscale-Campus-in-Atlanta-GA,https://maps.app.goo.gl/UbWPh9DK7A5gZVzR8,Satellite 2024-08-25 No Construction,2024-09-20,2024-11-15
82bdf520-065f-485d-8f8d-833e06ab9af9,ATL 12 Atlanta Data Center,"Atlanta, EdgeConnex Campus",EdgeConnex,https://www.edgeconnex.com,Private,,,,TA Realty,Announcement,"4810 Stonewall Tell Rd, College Park, GA ",30349,13121,Fulton County,Atlanta,04000,GA,Georgia,33.62536043,-84.5619878,,,,65,On Subscription,On Subscription,On Subscription,,,,,,,,,,https://www.businesswire.com/news/home/20240716972388/en/TA-Realty-and-EdgeConneX%C2%AE-to-Develop-324-MW-Hyperscale-Campus-in-Atlanta-GA,https://maps.app.goo.gl/UbWPh9DK7A5gZVzR8,Satellite 2024-08-25 No Construction,2024-09-20,2024-11-15
6793b57d-e515-4e98-b56a-81fcc3f4eb0b,ATL 13 Atlanta Data Center,"Atlanta, EdgeConnex Campus",EdgeConnex,https://www.edgeconnex.com,Private,,,,TA Realty,Announcement,"4810 Stonewall Tell Rd, College Park, GA ",30349,13121,Fulton County,Atlanta,04000,GA,Georgia,33.62536043,-84.5619878,,,,65,On Subscription,On Subscription,On Subscription,,,,,,,,,,https://www.businesswire.com/news/home/20240716972388/en/TA-Realty-and-EdgeConneX%C2%AE-to-Develop-324-MW-Hyperscale-Campus-in-Atlanta-GA,https://maps.app.goo.gl/UbWPh9DK7A5gZVzR8,Satellite 2024-08-25 No Construction,2024-09-20,2024-11-15
784bb4f9-4cc3-440f-bb30-8862fc53601c,NAL01 New Albany Data Center,NAL New Albany Campus,STACK Infrastructure,https://www.stackinfra.com,Private,,,,,Active,"7300 Souder Rd, New Albany, OH ",43054,39049,Franklin County,New Albany,53970,OH,Ohio,40.10652911,-82.8014375,40,100000,100000,20,On Subscription,On Subscription,On Subscription,,,,,,,,,,https://www.stackinfra.com/locations/new-albany/,https://maps.app.goo.gl/ESNaHpo7xadM9RPY8,Area measured by aterio,2024-09-20,2024-11-15
6325a8ff-5909-411e-aeff-5d167fce668c,NAL02 New Albany Data Center,NAL New Albany Campus,STACK Infrastructure,https://www.stackinfra.com,Private,,,,,Announcement,"7300 Souder Rd, New Albany, OH ",43054,39049,Franklin County,New Albany,53970,OH,Ohio,40.10652911,-82.8014375,40,150000,150000,40,On Subscription,On Subscription,On Subscription,,,,,,,,,,https://www.stackinfra.com/locations/new-albany/,https://maps.app.goo.gl/ESNaHpo7xadM9RPY8,Area measured by aterio,2024-09-20,2024-11-15
25ad0e36-894b-40d8-a999-2de57b4708ff,MSP-1 Minneapolis,MSP (Chaska) Cloud HQ Campus,CloudHQ,https://cloudhq.com,Private,,,,,Announcement,"2007 Schoolmaster Dr, Chaska, MN",55318,27019,Carver County,Chaska,10972,MN,Minnesota,44.81067528,-93.63303879,,1100000,1100000,200,On Subscription,On Subscription,On Subscription,7.71,,,,,,,,,https://cloudhq.com/campus/msp-campus/,https://maps.app.goo.gl/DaXntjteLgqcpzwm8,Satellite 2024-07-07 No Construction -RFS Within 20 Months,2024-09-20,2024-11-15
437368a1-326b-40f0-add6-d82091e310fc,ORD01-1 Chicago Campus,"Chicago, Edged Campus",Edged Energy,https://www.edged.us/,Private,,,,www.endeavourii.com,Active,"2835 Bilter Road, Aurora, IL ",60502,17043,Dupage County,Aurora,03012,IL,Illinois,41.80671545,-88.24089656,65,210000,210000,24,On Subscription,On Subscription,On Subscription,,,,,,,,,,https://www.edged.us/chicago,https://maps.app.goo.gl/mrfpuDGMLVU2JUaf9,,2024-11-08,2024-11-15
f37f27fe-97b1-4042-aeba-808787b58309,St. Louis - Locust Data Center,,TierPoint,https://www.tierpoint.com,Private,,,,,Construction,"2300 Locust St, St. Louis, MO",63103,29510,St. Louis City,Saint Louis,65000,MO,Missouri,38.63365014,-90.21268073,,135840,22640,5,On Subscription,On Subscription,On Subscription,,,,,,,,,,https://www.tierpoint.com/data-centers/missouri/st-louis-locust/,https://maps.app.goo.gl/FyZdheSc5v5BxpSx8,"22,640 sqft of raised floor",2024-09-20,2024-11-15
4efa492c-84de-436e-b8d0-39adcd462ac3,KCM - 1 - Kansas City Data Center,,Iron Mountain Data Centers,https://www.ironmountain.com/data-centers,Public,IRM,IRM:US,NYSE:IRM,,Active,"6301 Winchester Avenue, Kansas City, MO, USA",64133,29095,Jackson County,Kansas City,38000,MO,Missouri,39.0100744,-94.5041505,22,50000,50000,3.9,On Subscription,On Subscription,On Subscription,7.24,,2006,,,,,,,https://www.ironmountain.com/data-centers/locations/kansas-city-data-center,https://maps.app.goo.gl/Fj3JeqmyjrHNQMmy5,Underground,2024-09-20,2024-11-15
a2b22382-95b6-40d0-907a-4dfd58270c54,PowerHouse Irving Building C,"Irving, Powerhouse Campus",Power House Data Centers,https://www.powerhousedata.com,Private,,,,American Real Estate Partners,Announcement,"111 Customer Way, Irving, Texas",75039,48113,Dallas County,Irving,37000,TX,Texas,32.88848609,-96.94005694,50,315000,315000,66,On Subscription,On Subscription,On Subscription,,,,,,,,,,https://www.powerhousedata.com/data-center/powerhouse-irving,https://maps.app.goo.gl/tyvkJogJBVdXnKsk7,Satellite 2024-02-01 No Construction,2024-09-20,2024-11-15
74cb660c-8411-4cd0-97ad-ce1d10f0a492,PowerHouse Irving Building B,"Irving, Powerhouse Campus",Power House Data Centers,https://www.powerhousedata.com,Private,,,,American Real Estate Partners,Announcement,"111 Customer Way, Irving, Texas",75039,48113,Dallas County,Irving,37000,TX,Texas,32.88848609,-96.94005694,50,315000,315000,66,On Subscription,On Subscription,On Subscription,,,,,,,,,,https://www.powerhousedata.com/data-center/powerhouse-irving,https://maps.app.goo.gl/tyvkJogJBVdXnKsk7,Satellite 2024-02-01 No Construction,2024-09-20,2024-11-15
90c65543-e243-4f37-9b05-bc328c0a03d3,PowerHouse Irving Building A,"Irving, Powerhouse Campus",Power House Data Centers,https://www.powerhousedata.com,Private,,,,American Real Estate Partners,Announcement,"111 Customer Way, Irving, Texas",75039,48113,Dallas County,Irving,37000,TX,Texas,32.88848609,-96.94005694,50,315000,315000,66,On Subscription,On Subscription,On Subscription,,,,,,,,,,https://www.powerhousedata.com/data-center/powerhouse-irving,https://maps.app.goo.gl/tyvkJogJBVdXnKsk7,Satellite 2024-02-01 No Construction,2024-09-20,2024-11-15
c3401bfb-d26d-4593-8b27-d483bbcebae4,1301 Fannin Houston Data Center,,Netrality Data Centers,https://www.netrality.com,Private,,,,,Active,"1301 Fannin Street, Houston, TX, USA",77002,48201,Harris County,Houston,35000,TX,Texas,29.7533742,-95.3657403,,784143,784143,26,On Subscription,On Subscription,On Subscription,,,,,,,,,,https://netrality.com/locations/data-center-houston/,https://maps.app.goo.gl/Pma3BvRGPH6zLzeh8,,2024-09-20,2024-11-15
69ddcdda-8fcd-45a9-a6af-caca12226128,HOU3 -Westway Park III Data Center,,DataBank,https://www.databank.com,Private,,,,,Active,"11003 Corporate Centre Dr, Houston, TX 77041, USA",77041,48201,Harris County,Houston,35000,TX,Texas,29.84406,-95.560354,,162000,41860,4.5,On Subscription,On Subscription,On Subscription,5.51,,2014,,,,,,,https://www.databank.com/data-centers/houston/westway-park-campus/11003-corporate-centre-dr/,https://maps.app.goo.gl/UqceAVXrZP9Gwxra8,,2024-09-20,2024-11-15
cd6f3ade-30c4-4dfe-ab80-6e156e2d1bfe,Houston Data Center,,Skybox Datacenters,https://www.skyboxdatacenters.com,Private,,,,Prologis,Active,"22000 Franz Rd, Katy, TX ",77449,48201,Harris County,Katy,38476,TX,Texas,29.80306186,-95.75568392,19,96129,96129,26,On Subscription,On Subscription,On Subscription,,,,,,,,,,https://www.skyboxdatacenters.com/locations/skybox-houston,https://maps.app.goo.gl/BtEpfNLj52FxhPXq7,,2024-09-20,2024-11-15
2cc67396-2ba8-437d-8225-5af96e036050,San Antonio III,"San Antonio, Streamdatacenters Campus",Stream Data Centers,https://www.streamdatacenters.com,Private,,,,"Stream Realty Partners, LP",Construction,"11203 W MILITARY DRIVE, SAN ANTONIO, TX, USA",78253,48029,Bexar County,San Antonio,65000,TX,Texas,29.44851597,-98.71479035,135,150000,300000,40,On Subscription,On Subscription,On Subscription,,,,,,,,,,https://www.streamdatacenters.com/locations/san-antonio-iii/,https://maps.app.goo.gl/pgU7bErpJKwin1Jt7,Scheduled for occupancy in 2Q 2025,2024-09-20,2024-11-15
4233e8e8-bd36-4092-be6f-d5815af4e1a7,Austin 1 Data Center,"Austin, Skybox Campus",Skybox Datacenters,https://www.skyboxdatacenters.com,Private,,,,Prologis,Construction,"600 New Meister Lane, Pflugerville, TX",78660,48453,Travis County,Pflugerville,57176,TX,Texas,30.48249212,-97.62317512,25,,141000,30,On Subscription,On Subscription,On Subscription,,,,,,,,,,https://www.skyboxdatacenters.com/locations/austin-i,https://maps.app.goo.gl/JLiTXVoRj3AiJRCr8,Satellite 2024-01-31 Construction 90%,2024-09-20,2024-11-15
1c02c7a3-91e4-4944-ae0e-39090ebb5397,Denver Data Center,,STACK Infrastructure,https://www.stackinfra.com,Private,,,,,Active,"1500 Champa St, Denver, CO ",80202,08031,Denver County,Denver,20000,CO,Colorado,39.74579192,-104.9945216,,138000,138000,5,On Subscription,On Subscription,On Subscription,,,,,,,,,,https://www.stackinfra.com/locations/denver/,https://maps.app.goo.gl/oAULV5zBWtzYDkuBA,,2024-09-20,2024-11-15
58e7fbb0-37d6-4df6-961c-9218645b7c79,Cheyenne Data Center Building 2,"Cheyenne, Meta Campus",Facebook,https://www.datacenters.atmeta.com,Public,META,META:US,NASDAQ:META,,Announcement,"1401 Otto Rd, Cheyenne, WY ",82001,56021,Laramie County,Cheyenne,13900,WY,Wyoming,41.09793496,-105.0338324,,357500,357500,,On Subscription,On Subscription,On Subscription,,,,,,,,,,https://www.facebook.com/CheyenneDataCenter/posts/122093551838403315,https://maps.app.goo.gl/yP4EpaLviSMebgtt6,Satellite No Construction,2024-09-20,2024-11-15
371085e7-41ea-4a18-85a4-79a82cda24b8,Cheyenne Data Center Building 1,"Cheyenne, Meta Campus",Facebook,https://www.datacenters.atmeta.com,Public,META,META:US,NASDAQ:META,,Announcement,"1401 Otto Rd, Cheyenne, WY ",82001,56021,Laramie County,Cheyenne,13900,WY,Wyoming,41.09793496,-105.0338324,,357500,357500,,On Subscription,On Subscription,On Subscription,,,,,,,,,,https://www.facebook.com/CheyenneDataCenter/posts/122093551838403315,https://maps.app.goo.gl/yP4EpaLviSMebgtt6,Satellite No Construction,2024-09-20,2024-11-15
2302d5d5-c5e5-4e17-a65c-d8317d5d919e,Arizona Data Center Building 3,"Arizona, Novva Campus",Novva Data Centers,https://www.novva.com/,Private,,,,,Announcement," northwest alignment of Ellsworth and Warner roads Ellsworth Road, Mesa, AZ",85212,04013,Maricopa County,Mesa,46000,AZ,Arizona,33.33641565,-111.6359625,160,255000,255000,60,On Subscription,On Subscription,On Subscription,,,,,,,,,,https://www.novva.com/data-center-facilities/mesa-az/,https://maps.app.goo.gl/uwnad1X8LqxuWypG8,,2024-09-20,2024-11-15
8d223c46-9f47-4d8e-b9ea-e506127313db,Arizona Data Center Building 4,"Arizona, Novva Campus",Novva Data Centers,https://www.novva.com/,Private,,,,,Announcement," northwest alignment of Ellsworth and Warner roads Ellsworth Road, Mesa, AZ",85212,04013,Maricopa County,Mesa,46000,AZ,Arizona,33.33641565,-111.6359625,160,255000,255000,60,On Subscription,On Subscription,On Subscription,,,,,,,,,,https://www.novva.com/data-center-facilities/mesa-az/,https://maps.app.goo.gl/uwnad1X8LqxuWypG8,,2024-09-20,2024-11-15
91775912-d314-4c69-86c4-8d0e4fafc364,Arizona Data Center Building 5,"Arizona, Novva Campus",Novva Data Centers,https://www.novva.com/,Private,,,,,Announcement," northwest alignment of Ellsworth and Warner roads Ellsworth Road, Mesa, AZ",85212,04013,Maricopa County,Mesa,46000,AZ,Arizona,33.33641565,-111.6359625,160,255000,255000,60,On Subscription,On Subscription,On Subscription,,,,,,,,,,https://www.novva.com/data-center-facilities/mesa-az/,https://maps.app.goo.gl/uwnad1X8LqxuWypG8,,2024-09-20,2024-11-15
63495260-b08a-4c00-ac29-bb59cd7ae7f9,Arizona Data Center Building 1,"Arizona, Novva Campus",Novva Data Centers,https://www.novva.com/,Private,,,,,Announcement," northwest alignment of Ellsworth and Warner roads Ellsworth Road, Mesa, AZ",85212,04013,Maricopa County,Mesa,46000,AZ,Arizona,33.33641565,-111.6359625,160,255000,255000,60,On Subscription,On Subscription,On Subscription,,,,,,,,,,https://www.novva.com/data-center-facilities/mesa-az/,https://maps.app.goo.gl/uwnad1X8LqxuWypG8,,2024-09-20,2024-11-15
477fd4a8-a0cc-435b-b207-5d59c535d7dd,PHX01-1 Phoenix Campus,"Phoenix, EdgeConnex Campus",Edged Energy,https://www.edged.us/,Private,,,,www.endeavourii.com,Construction,"8811 E. Warner Road, Mesa, AZ ",85212,04013,Maricopa County,Mesa,46000,AZ,Arizona,33.33412,-111.64369,12,210000,210000,36,On Subscription,On Subscription,On Subscription,,,,,,,,,,https://www.edged.us/phoenix,https://maps.app.goo.gl/Y3bDoHqTzBWbyzQ98,Satellite 2024-08-12 No Construction,2024-11-08,2024-11-15
c302ab4a-1666-46bf-913a-047acb2b3148,Arizona Data Center Building 2,"Arizona, Novva Campus",Novva Data Centers,https://www.novva.com/,Private,,,,,Announcement," northwest alignment of Ellsworth and Warner roads Ellsworth Road, Mesa, AZ",85212,04013,Maricopa County,Mesa,46000,AZ,Arizona,33.33641565,-111.6359625,160,255000,255000,60,On Subscription,On Subscription,On Subscription,,,,,,,,,,https://www.novva.com/data-center-facilities/mesa-az/,https://maps.app.goo.gl/uwnad1X8LqxuWypG8,,2024-09-20,2024-11-15
597d078a-569b-4f58-ba9c-bab4bce2a790,"Buckeye, Arizona Building 1","Buckeye, Tract Campus",Tract,https://www.tract.com/,Private,,,,,Announcement,"Papago Fwy, Buckeye, AZ",85326,04013,Maricopa County,Buckeye,07940,AZ,Arizona,33.41799247,-112.7153167,2069,,186000,60,On Subscription,On Subscription,On Subscription,,,,,,,,,,https://www.globenewswire.com/news-release/2024/08/28/2937145/0/en/Tract-Closes-Acquisition-of-2-069-acres-in-Buckeye-Arizona.html,https://maps.app.goo.gl/xbuAjakbJPYiCKKm6,20 million square feet of data center space across as many as 40 individual data centers at full build-out. Tract is currently working with the local utility on plans for long term growth with new power infrastructure which could support up to 1.8GW.,2024-09-20,2024-11-15
f63a78ce-d9dc-4ac1-94f8-ae7bf85cf910,AZ1 Phoenix Data Center Building 1,"Phoenix, Vantage Campus",Vantage Data Centers,https://www.vantage-dc.com,Private,,,,"SilverLake, Digital Bridge Group",Construction,"45 South Bullard Avenue, Goodyear, AZ, USA",85338,04013,Maricopa County,Goodyear,28380,AZ,Arizona,33.4463854,-112.374484,50,135000,135000,40,On Subscription,On Subscription,On Subscription,6.83,,,Arizona Public Service Co,803,,,,,https://vantage-dc.com/data-center-locations/north-america/phoenix-arizona/,https://maps.app.goo.gl/xgjwxxTCPrNtG2Ch7,"Satellite 2024-08-29  Construction 90%, Area Estimated by Aterio",2024-09-20,2024-11-15
1336249f-16c3-4110-92c5-dd1dba483fad,Las Vegas Data Center,,Novva Data Centers,https://www.novva.com/,Private,,,,,Active,"6115 Nicco Way, Las Vegas, NV",89115,32003,Clark County,Las Vegas,40000,NV,Nevada,36.27202824,-115.048745,20,246328,246328,100,On Subscription,On Subscription,On Subscription,,,,,,,,,,https://www.novva.com/data-center-facilities/las-vegas/,https://maps.app.goo.gl/6vRNGwq2FoYJX9Lo9,,2024-09-20,2024-11-15
b6421424-2c70-4570-8c5b-88726998154f,CA1 Santa Clara Data Center Building 1,"Santa Clara, Vantage Campus",Vantage Data Centers,https://www.vantage-dc.com,Private,,,,"SilverLake, Digital Bridge Group",Active,"2820 Northwestern Parkway, Santa Clara, CA, USA",95051,06085,Santa Clara County,Santa Clara,69084,CA,California,37.3724282,-121.9736174,21,75000,75000,13,On Subscription,On Subscription,On Subscription,12.1,,2012,City of Santa Clara - (CA),16655,,,,,https://vantage-dc.com/data-center-locations/north-america/santa-clara-i-california/,https://maps.app.goo.gl/6DCuFi3zLAXbMf4fA,,2024-11-08,2024-11-15
38e6de7e-0c0a-4977-8893-760660de5e03,165 Halsey Street Data Center,,165 Halsey Street,https://www.165halsey.com,Private,,,,,Active,"165 Halsey Street, Halsey Street, Newark, NJ 07102, USA",07102,34013,Essex County,Newark,51000,NJ,New Jersey,40.7368442,-74.1734023,,360000,360000,80,On Subscription,On Subscription,On Subscription,,,,Public Service Elec & Gas Co,15477,Public,PEG,PEG:US,NYSE:PEG,https://www.165halsey.com/,https://maps.app.goo.gl/ab9kCpt6WKZMbRcg8,,2024-09-20,2024-11-15
17d38f61-19da-430f-9f8d-8818bcd87bc3,NJE - 1 - New Jersey Data Center,,Iron Mountain Data Centers,https://www.ironmountain.com/data-centers,Public,IRM,IRM:US,NYSE:IRM,,Active,"3003 Woodbridge Avenue, Edison, NJ, USA",08837,34023,Middlesex County,Edison,,NJ,New Jersey,40.5210834,-74.3473835,43,830000,830000,30,On Subscription,On Subscription,On Subscription,11.08,,1967,Public Service Elec & Gas Co,15477,Public,PEG,PEG:US,NYSE:PEG,https://www.ironmountain.com/data-centers/locations/new-jersey-data-center,https://maps.app.goo.gl/kR5itPXEAwUpeUY6A,Solar Panels found on property,2024-09-20,2024-11-15
f72404ac-2dd2-4f29-92fd-5070fd0af926,NY10 New York City Data Center,,365 Data Centers,https://www.365datacenters.com,Private,,,,,Active,"65 Broadway, NY, New York, USA",10006,36061,New York County,New York,51000,NY,New York,40.707398,-74.0126037,,16000,16000,0.7,On Subscription,On Subscription,On Subscription,6.07,,1917,Consolidated Edison Co-NY Inc,4226,Public,ED,ED:US,NYSE:ED,https://365datacenters.com/new-york-data-center/,https://maps.app.goo.gl/NAH1NkKVJDPpoVZT9,,2024-09-20,2024-11-15
af48ab77-f0ea-4c39-a5f2-d5f913a2ecee,PA1 Philadelphia Data Center,,365 Data Centers,https://www.365datacenters.com,Private,,,,,Active,"1500 Spring Garden Street, Philadelphia, PA, USA",19130,42101,Philadelphia County,Philadelphia,60000,PA,Pennsylvania,39.9621155,-75.1640533,,135100,135100,10,On Subscription,On Subscription,On Subscription,7.14,,1947,PECO Energy Co,14940,Public,EXC,EXC:US,NASDAQ:EXC,https://365datacenters.com/philadelphia-data-center-2/,https://maps.app.goo.gl/QvhwLVEkm1Da9j6P9,,2024-09-20,2024-11-15
0597f549-d0ba-4540-983e-e85dcc80f7c3,Philadelphia - Collegeville Data Center,,Flexential,https://www.flexential.com,Private,,,,,Active,"101 Troutman Road, Collegeville, PA, USA",19426,42091,Montgomery County,Collegeville,15192,PA,Pennsylvania,40.1519189,-75.4769085,,203703,203703,7.2,On Subscription,On Subscription,On Subscription,7.14,,2009,PECO Energy Co,14940,Public,EXC,EXC:US,NASDAQ:EXC,https://www.flexential.com/data-centers/pa/philadelphia/collegeville-data-center,https://maps.app.goo.gl/73iY1icChmZLvXFH7,Solar Panels found on property,2024-09-20,2024-11-15
99de8ede-442a-404d-98a5-a0dd23f1e539,Ashburn Data Center,,H5 Data Centers,https://www.h5datacenters.com,Private,,,,,Construction,"21800 Beaumeade Circle, Ashburn, VA, USA",20147,51107,Loudoun County,Ashburn,03320,VA,Virginia,39.0138165,-77.4526301,,255000,255000,42,On Subscription,On Subscription,On Subscription,,,,Virginia Electric & Power Co,19876,Public,D,D:US,NYSE:D,https://h5datacenters.com/ashburn-data-center.html,https://maps.app.goo.gl/2oi3J87S6KfyuYh1A,"Satellite 2024-11-02 Construction 90%, Dominion Power",2024-09-20,2024-11-15
f9fb32a0-7147-4563-b5f4-f675751254ad,Baltimore Owings Mills Data Center,,Expedient,https://www.expedient.com,Private,,,,,Active,"11155 Red Run Blvd, Owings Mills, MD, USA",21117,24005,Baltimore County,Owings Mills,59425,MD,Maryland,39.4271172,-76.8117092,,21754,21754,0.8,On Subscription,On Subscription,On Subscription,8.49,,1999,Baltimore Gas & Electric Co,1167,Public,EXC,EXC:US,NASDAQ:EXC,https://www.expedient.com/data-centers/baltimore/,https://maps.app.goo.gl/2Sq9up4cMpXdhY8i9,,2024-09-20,2024-11-15
794f460b-6559-4c09-94c6-2391d37b7ca7,Atlanta Data Center,,Cogent Communications,https://www.cogentco.com,Public,CCOI,CCOI:US,NASDAQ:CCOI,,Active,"55 Marietta St NW, Atlanta, GA, USA",30303,13121,Fulton County,Atlanta,04000,GA,Georgia,33.755851,-84.3912428,,7826,7826,,On Subscription,On Subscription,On Subscription,,,,Georgia Power Co,7140,Public,GPJA,GPB:US,NYSE:GPJA,https://www.cogentco.com/en/cogent-atlanta,https://maps.app.goo.gl/X3kAjhiMd9MQJW8T6,,2024-09-20,2024-11-15
2cc64164-f974-49b2-b24c-7240c4f76062,Atlanta Data Center (ATL1),,Evocative,https://www.evocative.com,Private,,,,,Active,"250 Williams Street Northwest, Atlanta, GA, USA",30303,13121,Fulton County,Atlanta,04000,GA,Georgia,33.7615051,-84.3914096,,36000,36000,15,On Subscription,On Subscription,On Subscription,,,,Georgia Power Co,7140,Public,GPJA,GPB:US,NYSE:GPJA,https://evocative.com/data-centers/atlanta-ga-data-center-atl1/,https://maps.app.goo.gl/Zqt9xUhepA6Zn4pL8,,2024-09-20,2024-11-15
0f8b7696-0ad1-4344-95aa-2ebcb852e200,Atlanta 2 Data Center,,Cogent Communications,https://www.cogentco.com,Public,CCOI,CCOI:US,NASDAQ:CCOI,,Active,"1190 Allene Ave SW, Atlanta, GA",30310,13121,Fulton County,Atlanta,04000,GA,Georgia,33.72246143,-84.41257395,,36172,36172,,On Subscription,On Subscription,On Subscription,,,,Georgia Power Co,7140,Public,GPJA,GPB:US,NYSE:GPJA,https://www.cogentco.com/en/cogent-atlanta,https://maps.app.goo.gl/s9Sa1GSY7iBazway9,,2024-09-20,2024-11-15
87a14c1d-8c4f-4e92-9506-38904a85afbf,ATL1 - Midtown Atlanta Data Center,,DataBank,https://www.databank.com,Private,,,,,Active,"760 W Peachtree St NW, Atlanta, GA, USA",30332,13121,Fulton County,Atlanta,04000,GA,Georgia,33.7754992,-84.3877354,,700000,38260,5.4,On Subscription,On Subscription,On Subscription,4.77,,2019,Georgia Power Co,7140,Public,GPJA,GPB:US,NYSE:GPJA,https://www.databank.com/data-centers/atlanta/760-peachtree-street/,https://maps.app.goo.gl/WaztboLZytAdaLVn7,,2024-09-20,2024-11-15
f98107b7-21ef-48a7-9372-925fd3325c38,AT4 Atlanta IBX Data Center,,Equinix,https://www.equinix.com,Public,EQIX,EQIX:US,NASDAQ:EQIX,,Active,"450 Interstate North Parkway, Atlanta, GA, USA",30339,13067,Cobb County,Atlanta,04000,GA,Georgia,33.8954451,-84.4536112,,43451,66779,12,On Subscription,On Subscription,On Subscription,4.77,,1998,Georgia Power Co,7140,Public,GPJA,GPB:US,NYSE:GPJA,https://www.equinix.com/data-centers/americas-colocation/united-states-colocation/atlanta-data-centers/at4,https://maps.app.goo.gl/dXSu71iaSCtyEXoZ8,Area Estimated by Aterio,2024-09-20,2024-11-15
db5541db-8139-4e8f-8564-0e592cf4ee49,TPA1 Tampa Data Center ,,Centersquare,https://www.centersquaredc.com,Private,,,,Brookfield,Active,"9310 Florida Palm Drive, Tampa, FL, USA",33619,12057,Hillsborough County,Tampa,71000,FL,Florida,27.9453237,-82.3511991,,100000,100000,12,On Subscription,On Subscription,On Subscription,8.35,,1999,Tampa Electric Co,18454,Public,EMA,EMA:CN,TSE:EMA,https://centersquaredc.com/hubfs/CenterSquare/docs/Centersquare-TPA-SpecSheet.pdf,https://maps.app.goo.gl/vgyxnp8X5iTPx88bA,,2024-09-20,2024-11-15
c3bfdc49-52e2-48c9-ad90-2953696e2976,Amazon AWS CMH - 5113 Hayden Building 1,"Hayden, AWS Campus",Amazon AWS,https://www.aws.amazon.com/compliance/data-center/data-centers/,Public,AMZN,AMZN:US,NASDAQ:AMZN,,Active,"5113 Hayden Run Rd, Hilliard, OH 43026, USA",43026,39049,Franklin County,Hilliard,35476,OH,Ohio,40.0623836,-83.1341444,,154000,154000,,On Subscription,On Subscription,On Subscription,,,,Ohio Edison Co,13998,Public,FE,FE:US,NYSE:FE,https://www.aboutamazon.com/news/aws,https://maps.app.goo.gl/K36txvaRtMJn1F7u9," Correct Substation 40.05883398918697, -83.13208304019149",2024-09-20,2024-11-15
55e23001-ee1c-4b82-956d-6149c43617e3,St. Joseph County Project,"St. Joseph, AWS Campus",Amazon AWS,https://www.aws.amazon.com/compliance/data-center/data-centers/,Public,AMZN,AMZN:US,NASDAQ:AMZN,,Announcement,"Olive Township, IN ",46552,18141,St. Joseph County,New Carlisle,52704,IN,Indiana,41.677117,-86.441892,900,864000,864000,,On Subscription,On Subscription,On Subscription,,,,Indiana Michigan Power Co,9324,Public,AEP,AEP:US,NASDAQ:AEP,https://www.aboutamazon.com/news/aws/aws-indiana-investment-11-billion,https://maps.app.goo.gl/GEchUGGaX9uSUcS76,Satellite 2024-08-11 -  No Expected completion date announced ,2024-09-20,2024-11-15
14c3ec08-1803-4368-ac7a-fbd879e635eb,Southfield Data Center NW (DC2),"Southfield, 123NET Campus",123NET,https://www.123.net,Private,,,,https://graingp.com/,Active,"24275 Northwestern Hwy, Southfield, MI, USA",48075,26125,Oakland County,Southfield,74900,MI,Michigan,42.4670347,-83.2350006,,21000,8000,1,On Subscription,On Subscription,On Subscription,,,2006,DTE Electric Company,5109,Public,DTE,DTE:US,NYSE:DTE,https://www.123.net/data-center-colocation/,https://maps.app.goo.gl/5Qw1wJUiGjfo4GHP9,,2024-09-20,2024-11-15
80a867b0-6f28-4776-af88-5cda81b900b3,Detroit Data Center (DC1),,123NET,https://www.123.net,Private,,,,https://graingp.com/,Active,"24700 Northwestern Hwy, Southfield, MI 48075, USA",48075,26125,Oakland County,Southfield,74900,MI,Michigan,42.4716194,-83.2381417,,136000,136000,20,On Subscription,On Subscription,On Subscription,,,2015,DTE Electric Company,5109,Public,DTE,DTE:US,NYSE:DTE,https://www.123.net/data-center-colocation/,https://maps.app.goo.gl/WALopGEkb4JE4Bdg6,,2024-09-20,2024-11-15
5eac30df-7851-4905-8cd6-6c96b34da23b,Southfield Data Center W (DC3),"Southfield, 123NET Campus",123NET,https://www.123.net,Private,,,,https://graingp.com/,Active,"24245 Northwestern Hwy, Southfield, MI, USA",48075,26125,Oakland County,Southfield,74900,MI,Michigan,42.4668622,-83.234666,,21000,8000,1.5,On Subscription,On Subscription,On Subscription,,,2011,DTE Electric Company,5109,Public,DTE,DTE:US,NYSE:DTE,https://www.123.net/data-center-colocation/,https://maps.app.goo.gl/uqhC4bmsqgFxmo8M9,,2024-09-20,2024-11-15
c5fe22bd-0670-427c-ae03-5674b8e007ef,MIWI1 Wells Building Data Center,,1547 Critical Systems Realty,https://www.1547realty.com,Private,,,,,Active,"324 East Wisconsin Avenue, Milwaukee, WI, USA",53202,55079,Milwaukee County,Milwaukee,53000,WI,Wisconsin,43.0390402,-87.9070463,,160000,5000,0.5,On Subscription,On Subscription,On Subscription,8.25,,1901,Wisconsin Electric Power Co,20847,Public,WEC,WEC:US,NYSE:WEC,https://www.1547realty.com/data-center/milwaukee-wi-miwi1/,https://maps.app.goo.gl/CYGECo5FQo559uWJA,,2024-09-20,2024-11-15
70c1c93c-8b22-4a4b-9d46-79d61ecd41cd,DEN - 1 - Denver Data Center,,Iron Mountain Data Centers,https://www.ironmountain.com/data-centers,Public,IRM,IRM:US,NYSE:IRM,,Active,"4300 Brighton Blvd, Denver, CO, USA",80216,08031,Denver County,Denver,20000,CO,Colorado,39.7773595,-104.968274,6,180000,180000,14.4,On Subscription,On Subscription,On Subscription,7.21,,1946,Public Service Co of Colorado,15466,Public,XEL,XEL:US,NASDAQ:XEL,https://www.ironmountain.com/data-centers/locations/denver-data-center,https://maps.app.goo.gl/AKWL6DzBaKzEsbr27,,2024-09-20,2024-11-15
fd5c85f0-24dd-47cf-908c-2701267dd41a,Sunnyvale 1 Data Center,,Lumen,https://www.lumen.com,Public,LUMN,LUMN:US,NYSE:LUMN,,Active,"1380 Kifer Road, Sunnyvale, CA, USA",94086,06085,Santa Clara County,Sunnyvale,77000,CA,California,37.3734237,-121.9876548,,70000,70000,6,On Subscription,On Subscription,On Subscription,,,,Pacific Gas & Electric Co.,14328,Public,PCG,PCG:US,NYSE:PCG,https://www.lumen.com/en-us/edge-cloud/data-centers.html,https://maps.app.goo.gl/CCMikFEHnf5MxE1SA,,2024-09-20,2024-11-15
016a5328-50c1-4c65-bec6-14b56e528d5c,SV9 Santa Clara Data Center,,CoreSite,https://www.coresite.com,Private,,,,American Tower,Construction,"2915 Stender Way, Santa Clara, CA",95054,06085,Santa Clara County,Santa Clara,69084,CA,California,37.37504815,-121.9698662,,240000,240000,34,On Subscription,On Subscription,On Subscription,12.1,,2019,Pacific Gas & Electric Co.,14328,Public,PCG,PCG:US,NYSE:PCG,https://www.coresite.com/hubfs/621d381a1dcae640fbe934e1_CoreSite-SV9-Presale-Brochure.pdf?__hstc=222326596.27595b1e361c5e057cdcf378d33509c4.1727669434384.1727748559681.1727749699683.6&__hssc=222326596.29195.1727748559681&__hsfp=81399884&hsutk=27595b1e361c5e057cdcf378d33509c4&contentType=standard-page,https://maps.app.goo.gl/8WG2oDu7zDSTgVk76,Satellite 2024-10-04 Construction 70% - CoreSite’s SV9 data center is certified as part of the NVIDIA DGX-Ready Data Center program,2024-11-07,2024-11-15
034ea822-15d5-4855-98de-640486be237b,Portland - Hillsboro 1 Data Center,"Hillsboro, Flexential Campus",Flexential,https://www.flexential.com,Private,,,,,Active,"3935 NE Aloclek Dr, Hillsboro, OR 97124, USA",97124,41067,Washington County,Hillsboro,34100,OR,Oregon,45.5484502,-122.891445,,85388,85388,5.3,On Subscription,On Subscription,On Subscription,6.27,,1999,Portland General Electric Co,15248,Public,POR,POR:US,NYSE:POR,https://www.flexential.com/data-centers/or/portland/hillsboro1-data-center,https://maps.app.goo.gl/WtbC2uL7aHJbxBgo6,,2024-09-20,2024-11-15
28ab55b6-0148-4b98-87ad-c0b4d8dd2a05,ORNY1 Orangeburg Data Center,,1547 Critical Systems Realty,https://www.1547realty.com,Private,,,,,Active,"1 Ramland Road South, Orangeburg, NY, USA",10962,36087,Rockland County,Orangeburg,55167,NY,New York,41.0334109,-73.9707996,,232000,180000,12,On Subscription,On Subscription,On Subscription,,,,Orange & Rockland Utils Inc,14154,Private,,,,https://www.1547realty.com/data-center/orangeburg-new-york-orny1/,https://maps.app.goo.gl/i1zLybhEV7R2aaTp6,,2024-09-20,2024-11-15
d4e59327-0ae6-4921-abe4-629b3451fbc2,Amazon AWS IAD - 10281 Tanner Building 3,"Tanner, AWS Campus",Amazon AWS,https://www.aws.amazon.com/compliance/data-center/data-centers/,Public,AMZN,AMZN:US,NASDAQ:AMZN,,Active,"10281 Tanner Way, Manassas, VA 20110, USA",20110,51683,Manassas City,Manassas,48952,VA,Virginia,38.7360262,-77.5048655,,214796,214796,,On Subscription,On Subscription,On Subscription,,,,City of Manassas - (VA),11560,Private,,,,,https://maps.app.goo.gl/S9TW2Wyv2VDGUrCe9,Correct substation 38.7399827	-77.509157,2024-09-20,2024-11-15
88854ca9-8834-44d1-9074-b975066da547,Amazon AWS IAD - 4100 Westfax,"Westfax, AWS Campus",Amazon AWS,https://www.aws.amazon.com/compliance/data-center/data-centers/,Public,AMZN,AMZN:US,NASDAQ:AMZN,,Active,"4100B Westfax Dr, 20151 Chantilly, Virginia",20151,51059,Fairfax County,Chantilly,14744,VA,Virginia,38.8996423,-77.4535248,,71000,71000,,On Subscription,On Subscription,On Subscription,,,,Northern Virginia Elec Coop,13640,Private,,,,,https://maps.app.goo.gl/UtL82DK3Tbb13rKW7,,2024-09-20,2024-11-15
f0249e59-5c02-4de7-acfd-15621e9fbc97,NVA5 Northern Virginia Sterling Data Center,,CyrusOne,https://www.cyrusone.com,Private,,,,KKR,Active,"21350 Pacific Blvd, Sterling, VA, USA",20166,51107,Loudoun County,Sterling,75376,VA,Virginia,39.0251361,-77.4339188,,1000000,1000000,105,On Subscription,On Subscription,On Subscription,6.85,,2017,Northern Virginia Elec Coop,13640,Private,,,,https://www.cyrusone.com/data-centers/north-america/virginia/nva5-sterling,https://maps.app.goo.gl/nte6rL3P51amwJ45A,Expansion completed in 2019,2024-09-20,2024-11-15
11012523-259c-4342-afcf-c2f8dae5e051,Raleigh Data Center,,TierPoint,https://www.tierpoint.com,Private,,,,Argo Infrastructure Partners,Active,"5301 Departure Drive, Raleigh, NC, USA",27616,37183,Wake County,Raleigh,55000,NC,North Carolina,35.8543806,-78.5970108,,65000,65000,10,On Subscription,On Subscription,On Subscription,6.57,,,Wake Electric Membership Corp,19981,Private,,,,https://www.tierpoint.com/data-centers/north-carolina/raleigh/,https://maps.app.goo.gl/nTDYGtTN7EPBJ6dy7,,2024-09-20,2024-11-15
2cf7ccd0-94af-40d5-8509-6af79cec6422,GA2 Smyrna Data Center,,365 Data Centers,https://www.365datacenters.com,Private,,,,,Active,"5600 United Drive Southeast, Smyrna, GA, USA",30082,13067,Cobb County,Smyrna,71492,GA,Georgia,33.8412318,-84.5223827,,77300,77300,4,On Subscription,On Subscription,On Subscription,,,,Cobb Electric Membership Corp,3916,Private,,,,https://365datacenters.com/smyrna-data-center/,https://maps.app.goo.gl/frLBuoYxBf5VRZQ37,,2024-09-20,2024-11-15
2426479f-7b10-40cf-87e4-0a9e2d95711c,Atlanta ATL11 Data Center,,Digital Realty,https://www.digitalrealty.com,Public,DLR,DLR:US,NYSE:DLR,NYSE:BX,Active,"101 Aquila Way, Austell, GA 30168, USA",30168,13067,Cobb County,Austell,04252,GA,Georgia,33.7464664,-84.5796853,,313000,313000,28.8,On Subscription,On Subscription,On Subscription,4.77,,2000,GreyStone Power Corporation,7090,Private,,,,https://www.digitalrealty.com/data-centers/americas/atlanta/atl11,https://maps.app.goo.gl/WhkXvWHK36cPVWDH8,,2024-10-30,2024-11-15
3c4b2632-9b75-4f13-a4d2-e4d361feb3cf,Google New Albany Data Center Building 1,"New Albany, Google Campus",Google,https://www.google.com/about/datacenters/locations/,Public,GOOG,GOOG:US,NASDAQ:GOOG,,Active,"1101 Beech Rd SW, New Albany, OH, USA",43054,39049,Franklin County,New Albany,53970,OH,Ohio,40.05797999,-82.76466205,140,288000,288000,,On Subscription,On Subscription,On Subscription,,,2022,Licking Rural Electric Inc,10668,Private,,,,https://www.google.com/about/datacenters/locations/centralohio/,https://maps.app.goo.gl/fPnZ7P6VeGUzAWRh9,"Area Measured by Aterio, Expanded in 2024",2024-10-28,2024-11-15
00371327-8827-4ad4-8197-b3b4fa7fe7c6,Waukee IA Data Center Building 1,"Waukee, Apple IA Campus",Apple Inc.,,Public,AAPL,AAPL:US,NASDAQ:AAPL,,Construction,"J39G+X7J Waukee, Iowa",50263,19049,Dallas County,Waukee,82695,IA,Iowa,41.6202799,-93.9270085,,290000,290000,,On Subscription,On Subscription,On Subscription,,,,MidAmerican Energy Co,12341,Private,,,,https://www.apple.com/pl/newsroom/2017/08/apples-next-us-data-center-will-be-built-in-iowa/,https://maps.app.goo.gl/WTkvVn4uuzV8TSc96,"Satellite 2024-01-31 Construction 60% , Correct substation 41.62205024777724, -93.9189520314205",2024-09-20,2024-11-15
316e8bab-7c45-4e57-86c0-a91a286af7a7,Waukee IA Data Center Building 2,"Waukee, Apple IA Campus",Apple Inc.,,Public,AAPL,AAPL:US,NASDAQ:AAPL,,Construction,"J39G+X7J Waukee, Iowa",50263,19049,Dallas County,Waukee,82695,IA,Iowa,41.6202799,-93.9270085,,200000,200000,,On Subscription,On Subscription,On Subscription,,,,MidAmerican Energy Co,12341,Private,,,,https://www.apple.com/pl/newsroom/2017/08/apples-next-us-data-center-will-be-built-in-iowa/,https://maps.app.goo.gl/WTkvVn4uuzV8TSc96,"Satellite 2024-01-31 Construction 10% , Correct substation 41.62205024777724, -93.9189520314205",2024-09-20,2024-11-15
18e7b08c-5166-4dca-8727-9fc07ddc8557,Council Bluffs Data Center N Lake Manawa,,Google,https://www.google.com/about/datacenters/locations/,Public,GOOG,GOOG:US,NASDAQ:GOOG,,Active,"1430 Veterans Memorial Hwy, Council Bluffs, IA, US",51501,19155,Pottawattamie County,Council Bluffs,16860,IA,Iowa,41.22158812,-95.86384263,,230150,230150,,On Subscription,On Subscription,On Subscription,,,,MidAmerican Energy Co,12341,Private,,,,https://www.google.com/about/datacenters/locations/council-bluffs/,https://maps.app.goo.gl/sBjQufiNemiJJkpo9,Area Measured by Aterio,2024-10-25,2024-11-15
9b3f973a-5ae9-4794-b067-8c5d8ba34be2,Minneapolis II - Chaska Data Center,,Stream Data Centers,https://www.streamdatacenters.com,Private,,,,"Stream Realty Partners, LP",Active,"1706 West Creek Lane, Chaska, MN, USA",55318,27019,Carver County,Chaska,10972,MN,Minnesota,44.8079198,-93.6373531,,56000,56000,4.8,On Subscription,On Subscription,On Subscription,7.71,,2017,Minnesota Valley Electric Coop,12651,Private,,,,https://www.streamdatacenters.com/locations/minneapolis/,https://maps.app.goo.gl/RoC9woptKB4fkQjM6,,2024-09-20,2024-11-15
48dca63d-5f08-41cd-8312-de90db8f6150,Utah Data Center,"Utha, Novva Campus",Novva Data Centers,https://www.novva.com/,Private,,,,,Active,"6477 Wells Park Rd, West Jordan, UT",84081,49035,Salt Lake County,West Jordan,82950,UT,Utah,40.57442751,-112.0456393,100,1500000,1500000,200,On Subscription,On Subscription,On Subscription,,5.8,,PacifiCorp,14354,Private,,,,https://www.novva.com/data-center-facilities/utah/,https://maps.app.goo.gl/kSxZkXmjKrLFMWYr5,,2024-09-20,2024-11-15
17a5f60d-6e9e-40bd-a6cd-32d4ecf3b1a0,Phoenix Data Center,"Phoenix, QTS Campus",QTS Data Centers,https://www.qtsdatacenters.com,Private,,,,Blackstone,Active,"1200 North 40th Street, Phoenix, Arizona 85008, USA",85008,04013,Maricopa County,Phoenix,55000,AZ,Arizona,33.4623678,-111.9957938,85,108000,108000,280,On Subscription,On Subscription,On Subscription,,,,Salt River Project,16572,Private,,,,https://www.qtsdatacenters.com/data-centers/phoenix,https://maps.app.goo.gl/pCfyyUnbYzfxEjCF8,,2024-09-20,2024-11-15
a126985d-a210-43b3-a955-321982f4040a,Phoenix-North Mountain Data Center,,Expedient,https://www.expedient.com,Private,,,,,Active,"2475 West Townley Avenue, Phoenix, AZ, USA",85021,04013,Maricopa County,Phoenix,55000,AZ,Arizona,33.5644469,-112.1120033,,46000,46000,3.6,On Subscription,On Subscription,On Subscription,,,,Salt River Project,16572,Private,,,,https://www.expedient.com/data-centers/phoenix/,https://maps.app.goo.gl/SnsxudyV56rNZZxh7,,2024-09-20,2024-11-15
75b76940-1608-4911-8f2d-b4113719e182,Phoenix 1 Data Center,,Lumen,https://www.lumen.com,Public,LUMN,LUMN:US,NYSE:LUMN,,Active,"811 South 16th Street, Phoenix, AZ, USA",85034,04013,Maricopa County,Phoenix,55000,AZ,Arizona,33.4397667,-112.046985,,47836,47836,11,On Subscription,On Subscription,On Subscription,,,,Salt River Project,16572,Private,,,,https://www.lumen.com/en-us/edge-cloud/data-centers.html,https://maps.app.goo.gl/WWzGpiasnbB9akLN8,Area Estimated by Aterio,2024-09-20,2024-11-15
af9d8582-bbb7-4ae7-a8ce-1d85b5abfac2,AZS - 1 - Scottsdale Data Center,,Iron Mountain Data Centers,https://www.ironmountain.com/data-centers,Public,IRM,IRM:US,NYSE:IRM,,Active,"8521 East Princess Drive, Scottsdale, AZ, USA",85255,04013,Maricopa County,Scottsdale,65000,AZ,Arizona,33.6444794,-111.8955766,4.5,121000,121000,5.8,On Subscription,On Subscription,On Subscription,6.83,,2001,Salt River Project,16572,Private,,,,https://www.ironmountain.com/data-centers/locations/scottsdale-data-center,https://maps.app.goo.gl/AVAszYTmX6yTdT5f9,,2024-09-20,2024-11-15
2f0d4f13-1841-49a9-ae8a-5954132c1e64,PHX1- Phoenix Data Center,"Chandler, CyrusOne Campus",CyrusOne,https://www.cyrusone.com,Private,,,,KKR,Active,"2335 South Ellis Street, Chandler, AZ, USA",85286,04013,Maricopa County,Chandler,12000,AZ,Arizona,33.27097565,-111.8817722,85,101470,101470,9,On Subscription,On Subscription,On Subscription,,,,Salt River Project,16572,Private,,,,https://www.cyrusone.com/data-centers/north-america/arizona/phx1-phx8-phoenix,https://maps.app.goo.gl/dcCEmLPcWMvmdGQ56,,2024-09-20,2024-11-15
fbb99755-4101-4c32-b88f-f18ea4dc9846,Seattle Data Center,,TierPoint,https://www.tierpoint.com,Private,,,,Argo Infrastructure Partners,Active,"100 4th Avenue North, Seattle, WA, USA",98109,53033,King County,Seattle,63000,WA,Washington,47.6189206,-122.348556,,33000,33000,5,On Subscription,On Subscription,On Subscription,4.49,,2003,City of Seattle - (WA),16868,Public (Municipal),,,,https://www.tierpoint.com/data-centers/washington/seattle/,https://maps.app.goo.gl/iEHCiwzk4c33LV5T8,,2024-09-20,2024-11-15
210204b6-79fd-4651-af86-00b6218bf419,Los Lunas Data Center Building 3,"Los Lunas, Meta Campus",Facebook,https://www.datacenters.atmeta.com,Public,META,META:US,NASDAQ:META,,Active,"4250 Messenger Loop, Los Lunas, NM, USA",87031,35061,Valencia County,Los Lunas,43370,NM,New Mexico,34.831082,-106.784582,250,280000,280000,,On Subscription,On Subscription,On Subscription,,,,Public Service Co of NM,15473,Public (Corporation),TXNM,TXNM:US,NYSE:TXNM,https://maps.app.goo.gl/ttboixVR59QVc2xD8,https://maps.app.goo.gl/Bjq5HevsRqcT53DeA,"Area Measured by Aterio, Large Solar Panel farm next to data center, Correct Substation 34.829902821055704, -106.7870259770958",2024-09-20,2024-11-15
36056095-ad9b-4717-a5a4-9b8bf36a3f3f,Los Lunas Data Center Building 8,"Los Lunas, Meta Campus",Facebook,https://www.datacenters.atmeta.com,Public,META,META:US,NASDAQ:META,,Construction,"4250 Messenger Loop, Los Lunas, NM, USA",87031,35061,Valencia County,Los Lunas,43370,NM,New Mexico,34.831082,-106.784582,250,280000,280000,,On Subscription,On Subscription,On Subscription,,,,Public Service Co of NM,15473,Public (Corporation),TXNM,TXNM:US,NYSE:TXNM,https://maps.app.goo.gl/ttboixVR59QVc2xD8,https://maps.app.goo.gl/LGgNPvQi3JTry4Ec8,Satellite 2024-09-05 Construction 80%,2024-09-20,2024-11-15
703c6285-3f47-473c-9f2d-007e63e1fcec,Los Lunas Data Center Building 4,"Los Lunas, Meta Campus",Facebook,https://www.datacenters.atmeta.com,Public,META,META:US,NASDAQ:META,,Active,"4250 Messenger Loop, Los Lunas, NM, USA",87031,35061,Valencia County,Los Lunas,43370,NM,New Mexico,34.831082,-106.784582,250,280000,280000,,On Subscription,On Subscription,On Subscription,,,,Public Service Co of NM,15473,Public (Corporation),TXNM,TXNM:US,NYSE:TXNM,https://maps.app.goo.gl/ttboixVR59QVc2xD8,https://maps.app.goo.gl/7qZVyVZptzGziX2G6,"Area Measured by Aterio, Large Solar Panel farm next to data center, Correct Substation 34.829902821055704, -106.7870259770958",2024-09-20,2024-11-15
cb1dd946-a612-4658-8b7c-d2c690a250e0,Los Lunas Data Center Building 6,"Los Lunas, Meta Campus",Facebook,https://www.datacenters.atmeta.com,Public,META,META:US,NASDAQ:META,,Active,"4250 Messenger Loop, Los Lunas, NM, USA",87031,35061,Valencia County,Los Lunas,43370,NM,New Mexico,34.831082,-106.784582,250,280000,280000,,On Subscription,On Subscription,On Subscription,,,,Public Service Co of NM,15473,Public (Corporation),TXNM,TXNM:US,NYSE:TXNM,https://maps.app.goo.gl/ttboixVR59QVc2xD8,https://maps.app.goo.gl/b4dUQxwSBs3ny8Cw5,"Area Measured by Aterio, Large Solar Panel farm next to data center, Correct Substation 34.829902821055704, -106.7870259770958",2024-09-20,2024-11-15
38b327ce-dace-4d67-a94e-68695633eda6,Los Lunas Data Center Building 7,"Los Lunas, Meta Campus",Facebook,https://www.datacenters.atmeta.com,Public,META,META:US,NASDAQ:META,,Active,"4250 Messenger Loop, Los Lunas, NM, USA",87031,35061,Valencia County,Los Lunas,43370,NM,New Mexico,34.831082,-106.784582,250,280000,280000,,On Subscription,On Subscription,On Subscription,,,,Public Service Co of NM,15473,Public (Corporation),TXNM,TXNM:US,NYSE:TXNM,https://maps.app.goo.gl/ttboixVR59QVc2xD8,https://maps.app.goo.gl/GnaRYtzo83ccnAxv6,"Area Measured by Aterio, Large Solar Panel farm next to data center, Correct Substation 34.829902821055704, -106.7870259770958",2024-09-20,2024-11-15
fbd682e5-0af8-4ca3-a510-bfeecdc3c073,Los Lunas Data Center Building 1,"Los Lunas, Meta Campus",Facebook,https://www.datacenters.atmeta.com,Public,META,META:US,NASDAQ:META,,Active,"4250 Messenger Loop, Los Lunas, NM, USA",87031,35061,Valencia County,Los Lunas,43370,NM,New Mexico,34.831082,-106.784582,250,280000,280000,,On Subscription,On Subscription,On Subscription,,,,Public Service Co of NM,15473,Public (Corporation),TXNM,TXNM:US,NYSE:TXNM,https://maps.app.goo.gl/ttboixVR59QVc2xD8,https://maps.app.goo.gl/bj1xj8NR4W5RnQTo7,"Area Measured by Aterio, Large Solar Panel farm next to data center, Correct Substation 34.829902821055704, -106.7870259770958",2024-09-20,2024-11-15
ea91d90c-f5ce-4c56-afca-9cb64b69ba43,Los Lunas Data Center Building 2,"Los Lunas, Meta Campus",Facebook,https://www.datacenters.atmeta.com,Public,META,META:US,NASDAQ:META,,Active,"4250 Messenger Loop, Los Lunas, NM, USA",87031,35061,Valencia County,Los Lunas,43370,NM,New Mexico,34.831082,-106.784582,250,280000,280000,,On Subscription,On Subscription,On Subscription,,,,Public Service Co of NM,15473,Public (Corporation),TXNM,TXNM:US,NYSE:TXNM,https://maps.app.goo.gl/ttboixVR59QVc2xD8,https://maps.app.goo.gl/diTnZPr9TegHnMeo7,"Area Measured by Aterio, Large Solar Panel farm next to data center, Correct Substation 34.829902821055704, -106.7870259770958",2024-09-20,2024-11-15
cf778251-230f-4b66-bbee-07a2f06dea08,Los Lunas Data Center Building 5,"Los Lunas, Meta Campus",Facebook,https://www.datacenters.atmeta.com,Public,META,META:US,NASDAQ:META,,Active,"4250 Messenger Loop, Los Lunas, NM, USA",87031,35061,Valencia County,Los Lunas,43370,NM,New Mexico,34.831082,-106.784582,250,280000,280000,,On Subscription,On Subscription,On Subscription,,,,Public Service Co of NM,15473,Public (Corporation),TXNM,TXNM:US,NYSE:TXNM,https://maps.app.goo.gl/ttboixVR59QVc2xD8,https://maps.app.goo.gl/hz2eFaY8XiQViMoLA,"Area Measured by Aterio, Large Solar Panel farm next to data center, Correct Substation 34.829902821055704, -106.7870259770958",2024-09-20,2024-11-15
3f298547-3a57-40c5-ac4a-f45ce6618c80,ABQ1 Albuquerque Data Center ,,Centersquare,https://www.centersquaredc.com,Private,,,,Brookfield,Active,"400 Tijeras Avenue Northwest, Albuquerque, NM, USA",87102,35001,Bernalillo County,Albuquerque,02000,NM,New Mexico,35.0865452,-106.6517403,,,30000,6,On Subscription,On Subscription,On Subscription,,,,Public Service Co of NM,15473,Public (Corporation),TXNM,TXNM:US,NYSE:TXNM,https://centersquaredc.com/hubfs/CenterSquare/docs/Centersquare-ABQ-SpecSheet.pdf,https://maps.app.goo.gl/tvN5s6akare4ZJ4BA,,2024-09-20,2024-11-15
1591aa79-70f0-481a-8774-d98813473aed,Albuquerque Data Center,,H5 Data Centers,https://www.h5datacenters.com,Private,,,,,Active,"505 Marquette Avenue Northwest, Albuquerque, NM, USA",87102,35001,Bernalillo County,Albuquerque,02000,NM,New Mexico,35.0885549,-106.6522841,,225000,225000,20,On Subscription,On Subscription,On Subscription,,,,Public Service Co of NM,15473,Public (Corporation),TXNM,TXNM:US,NYSE:TXNM,https://h5datacenters.com/albuquerque-data-center.html,https://maps.app.goo.gl/rXAfpbMRLHe2V6xh9,,2024-09-20,2024-11-15
b089feb5-3250-4756-87af-3a44f084e48b,DFW8 - Plano II Data Center,,DataBank,https://www.databank.com,Private,,,,,Active,"8375 Dominion Pkwy, Plano, TX, USA",75024,48085,Collin County,Plano,58016,TX,Texas,33.0871412,-96.8155962,,144000,126000,13.5,On Subscription,On Subscription,On Subscription,5.51,,2017,"Denton County Elec Coop, Inc",5078,Private (Cooperative),,,,https://www.databank.com/data-centers/dallas/plano-campus/dfw8/,https://maps.app.goo.gl/qNaj4PTbHvpkhs5Z9,,2024-09-20,2024-11-15
f00e96e8-8dbd-417e-bcfe-04f96f38cc29,Legacy I Data Center,"Legacy, Skybox Campus",Skybox Datacenters,https://www.skyboxdatacenters.com,Private,,,,Prologis,Active,"6815 Communications Parkway, Plano, TX, USA",75024,48085,Collin County,Plano,58016,TX,Texas,33.0707287,-96.8284132,40,140000,108000,20,On Subscription,On Subscription,On Subscription,,,,"Denton County Elec Coop, Inc",5078,Private (Cooperative),,,,https://www.skyboxdatacenters.com/locations/skybox-legacy,https://maps.app.goo.gl/RdKo9qPzSH1geRzQ9,,2024-09-20,2024-11-15
a0d8d2b6-74bd-4646-a5aa-761896bf1a74,ATL02 Atlanta Data Center,,EdgeConnex,https://www.edgeconnex.com,Private,,,,,Active,"1101 Donnelly Avenue Southwest, Atlanta, GA 30310, USA",30310,13121,Fulton County,Atlanta,04000,GA,Georgia,33.731803,-84.4235854,,91980,91980,9,On Subscription,On Subscription,On Subscription,,,,City of East Point - (GA),5582,Public (Municipality),,,,https://www.edgeconnex.com/locations/americas/atlanta-ga/,https://maps.app.goo.gl/5unWZsjy1qi2CdMfA,,2024-09-20,2024-11-15
375b23e1-fd23-4bf9-a76d-c70727922e6b,NAS01 Nashville Data Center,,EdgeConnex,https://www.edgeconnex.com,Private,,,,,Active,"1841 Air Lane Drive bldg 3, Nashville, TN 37210, USA",37210,47037,Davidson County,Nashville,52006,TN,Tennessee,36.1448813,-86.7017215,,42500,42500,3,On Subscription,On Subscription,On Subscription,6.81,,1982,Nashville Electric Service,13216,Public (Municipality),,,,https://www.edgeconnex.com/locations/americas/nashville-tn/,https://maps.app.goo.gl/Yi8zSsFQpTqLtdiC8,,2024-09-20,2024-11-15
dd697ada-cf78-45f9-9ded-247ef68cbf6a,CMH1 (Columbus) Lewis Center Data Center Campus,,Centersquare,https://www.centersquaredc.com,Private,,,,Brookfield,Active,"8180 Green Meadows Dr, Lewis Center, OH, USA",43035,39041,Delaware County,Lewis Center,,OH,Ohio,40.1688659,-83.0107977,,60000,60000,8,On Subscription,On Subscription,On Subscription,,,,City of Columbus - (OH),4065,Public (Municipality),,,,https://centersquaredc.com/hubfs/CenterSquare/docs/Centersquare-CMH-SpecSheet.pdf,https://maps.app.goo.gl/6ef8eGxckodoUZJc8,,2024-09-20,2024-11-15
8bb748c9-8fc6-4229-b206-37cc6ce8ff49,COL4-S Columbus Data Center,Columbus Campus ,Cologix,https://www.cologix.com,Private,,,,,Construction,"7500 Alta View Boulevard, Columbus, OH, USA",43085,39049,Franklin County,Columbus,18000,OH,Ohio,40.1182103,-83.0006327,7,256000,256000,50,On Subscription,On Subscription,On Subscription,7.14,,,City of Westerville - (OH),20477,Public (Municipality),,,,https://cologix.com/wp-content/uploads/2023/09/COL4-HYPER-Data-Center-Spec-Sheet.pdf,https://maps.app.goo.gl/kky5ssoZQwFUMvMh9,Satellite 2023-11-19 Construction 50%,2024-09-20,2024-11-15
3af770d9-5cb9-48c9-a04e-220f780098e4,Cleveland Data Center,,H5 Data Centers,https://www.h5datacenters.com,Private,,,,,Active,"1625 Rockwell Avenue, Cleveland, OH, USA",44114,39035,Cuyahoga County,Cleveland,16000,OH,Ohio,41.5067004,-81.6830495,,351000,333000,10,On Subscription,On Subscription,On Subscription,7.14,6,1920,City of Cleveland - (OH),3762,Public (Municipality),,,,https://h5datacenters.com/cleveland-data-center.html,https://maps.app.goo.gl/m6tCXbvPE7eAZtaRA,,2024-09-20,2024-11-15
691cc6a7-fd17-4148-89ab-776a6f40e273,TX1 Richardson Data Center,,365 Data Centers,https://www.365datacenters.com,Private,,,,,Active,"1001 East Campbell Road, Richardson, TX, USA",75081,48113,Dallas County,Richardson,61796,TX,Texas,32.9761355,-96.7074272,,75100,75100,6.2,On Subscription,On Subscription,On Subscription,5.51,,2001,City of Garland - (TX),6958,Public (Municipality),,,,https://365datacenters.com/richardson-data-center/,https://maps.app.goo.gl/t6xwpcRShHoH4iDj6,,2024-09-20,2024-11-15
a1df678d-6e3d-4b86-a268-9ce6dd6716f5,SAT-1  San Antonio,SAT (San Antonio) Cloud HQ Campus,CloudHQ,https://cloudhq.com,Private,,,,,Announcement,"15355 Lambda Drive, San Antonio, TX",78245,48029,Bexar County,San Antonio,65000,TX,Texas,29.41580344,-98.79887959,,,600000,84,On Subscription,On Subscription,On Subscription,5.51,,,City of San Antonio - (TX),16604,Public (Municipality),,,,https://cloudhq.com/campus/sat-campus/,https://maps.app.goo.gl/f1XCkopG5n8Ya9Ej7,Satellite 2024-02-12 No Construction - Area estimated by Aterio,2024-09-20,2024-11-15
0f558341-7a5a-400a-aded-6ea0b779ab4f,LA7 Torrance Data Center,,Equinix,https://www.equinix.com,Public,EQIX,EQIX:US,NASDAQ:EQIX,,Active,"1501 Francisco Street, Torrance, CA, USA",90501,06037,Los Angeles County,Torrance,80000,CA,California,33.8495055,-118.3048346,,108180,74983,6,On Subscription,On Subscription,On Subscription,12.1,,2000,Los Angeles Department of Water & Power,11208,Public (Municipality),,,,https://www.equinix.com/data-centers/americas-colocation/united-states-colocation/los-angeles-data-centers/la7,https://maps.app.goo.gl/nWHKej9RbzqBda4i7,Area Estimated by Aterio,2024-09-20,2024-11-15
87cb01cb-c155-40c1-bc89-63a29aa66c11,The Dalles Data Center Building 1,"The Dalles, Google Campus",Google,https://www.google.com/about/datacenters/locations/,Public,GOOG,GOOG:US,NASDAQ:GOOG,,Active,"4200 Columbia Rd, The Dalles, OR 97058, USA",97058,41065,Wasco County,The Dalles,72950,OR,Oregon,45.63206531,-121.2010823,,158605,158605,,On Subscription,On Subscription,On Subscription,,,,Northern Wasco County PUD,13788,Public (Special District),,,,https://www.google.com/about/datacenters/locations/the-dalles/,https://maps.app.goo.gl/S8SkcvsBBcB8Kco2A,Area Measured by Aterio,2024-10-25,2024-11-15
6696f06e-f6c8-42ab-9e81-95e5ad6c1991,WA1 Quincy Data Center Building 1,"Quincy, Vantage Campus",Vantage Data Centers,https://www.vantage-dc.com,Private,,,,"SilverLake, Digital Bridge Group",Active,"2101 M Street Northeast, Quincy, WA, USA",98848,53025,Grant County,Quincy,57115,WA,Washington,47.2501422,-119.8144629,68,133000,133000,25,On Subscription,On Subscription,On Subscription,4.49,,,PUD No 2 of Grant County,14624,Public (Special District),,,,https://vantage-dc.com/data-center-locations/north-america/quincy-washington/,https://maps.app.goo.gl/Kj1y3kyLWLNzLGiX6,,2024-09-20,2024-11-15
e4ed0db7-42b8-45ca-9948-de08a93b0e4a,210 North Tucker St. Louis Data Center,,Netrality Data Centers,https://www.netrality.com,Private,,,,,Active,"210 North Tucker Boulevard, St. Louis, MO, USA",63101,29510,St. Louis City,Saint Louis,65000,MO,Missouri,38.6292617,-90.1971786,,442837,442837,20,On Subscription,On Subscription,On Subscription,,,,Union Electric Co - (MO),19436,Public (Part of Ameren Corp),AEE,AEE:US,NYSE:AEE,https://netrality.com/locations/data-center-st-louis-210/,https://maps.app.goo.gl/NyCMAyZUtKJFYFZ79,,2024-09-20,2024-11-15
43bce0e5-6745-4467-a7c5-6a0e739b17ee,Chicago II Chicago Data Center,,Stream Data Centers,https://www.streamdatacenters.com,Private,,,,"Stream Realty Partners, LP",Active,"1925 Busse Road, Elk Grove Village, IL, USA",60007,17031,Cook County,Elk Grove Village,23256,IL,Illinois,41.9991475,-87.9582911,,226000,226000,32,On Subscription,On Subscription,On Subscription,6.11,,2013,Commonwealth Edison Co,4110,Private (Part of Exelon Corp),EXC,EXC:US,NASDAQ:EXC,https://www.streamdatacenters.com/locations/chicago/,https://maps.app.goo.gl/MKFa9T5CxqGvo4FB8,"In 2023, the site was fully leased by a few select cloud providers and hyperscale tenants.",2024-09-20,2024-11-15
4bef437a-93e6-4acf-93a1-ed9bc46c6d69,CH3 Elk Grove Data Center,,Equinix,https://www.equinix.com,Public,EQIX,EQIX:US,NASDAQ:EQIX,,Active,"1905 Lunt Avenue, Elk Grove Village, IL, USA",60007,17031,Cook County,Elk Grove Village,23256,IL,Illinois,42.0010976,-87.9548634,,138000,196151,10.8,On Subscription,On Subscription,On Subscription,6.11,,2007,Commonwealth Edison Co,4110,Private (Part of Exelon Corp),EXC,EXC:US,NASDAQ:EXC,https://www.equinix.com/data-centers/americas-colocation/united-states-colocation/chicago-data-centers/ch3,https://maps.app.goo.gl/MwgWFhcqN9eGDADU6,Area Estimated by Aterio,2024-09-20,2024-11-15
19ab9b16-0565-40eb-8644-d1805cdb71d1,Microsft Illinois Azure North Central US,,Microsoft,https://www.azure.microsoft.com/en-ca/explore/global-infrastructure,Public,MSFT,MSFT:US,NASDAQ:MSFT,,Active,"601 Northwest Avenue, Northlake, IL, USA",60164,17031,Cook County,Melrose Park,48242,IL,Illinois,41.92320462,-87.91841647,,700000,100000,,On Subscription,On Subscription,On Subscription,,,,Commonwealth Edison Co,4110,Private (Part of Exelon Corp),EXC,EXC:US,NASDAQ:EXC,https://maps.app.goo.gl/3L4RwEW6UTm2jMmCA,https://maps.app.goo.gl/h9RpQKh55jZHpcq18,,2024-09-20,2024-11-15
18ae0d0f-6185-486c-9d33-77c155f34105,CH6 Chicago Data Center,,365 Data Centers,https://www.365datacenters.com,Private,,,,,Active,"427 South LaSalle Street, Chicago, IL, USA",60605,17031,Cook County,Chicago,14000,IL,Illinois,41.8762116,-87.6314534,,10000,10000,1.72,On Subscription,On Subscription,On Subscription,,,,Commonwealth Edison Co,4110,Private (Part of Exelon Corp),EXC,EXC:US,NASDAQ:EXC,https://365datacenters.com/chicago-data-center/,https://maps.app.goo.gl/UreXPxboudebAeQZ8,Multiple Data Centers in building,2024-09-20,2024-11-15
302036dd-074a-45de-92fb-15bc3540a4c7,CHIL1 MTC Data Center,,1547 Critical Systems Realty,https://www.1547realty.com,Private,,,,,Active,"40 E Garfield Blvd, Chicago, IL, USA",60615,17031,Cook County,Chicago,14000,IL,Illinois,41.7946843,-87.6239554,,230000,50000,10,On Subscription,On Subscription,On Subscription,,,,Commonwealth Edison Co,4110,Private (Part of Exelon Corp),EXC,EXC:US,NASDAQ:EXC,https://www.1547realty.com/data-center/chicago-il-chil1/,https://maps.app.goo.gl/2KTnfi5z8T6e9XGi8,,2024-09-20,2024-11-15
625e3ddd-68f8-4bf0-ae2f-9abccb6481d2,Las Vegas - North Data Center,,Flexential,https://www.flexential.com,Private,,,,,Active,"3330 E Lone Mountain Rd, North Las Vegas, NV 89081, USA",89081,32003,Clark County,North Las Vegas,51800,NV,Nevada,36.2480093,-115.1012725,,111240,111240,9,On Subscription,On Subscription,On Subscription,7.29,,2007,Nevada Power Co,13407,Private (Subsidiary of NV Energy),,,,https://www.flexential.com/data-centers/nv/las-vegas/north-data-center,https://maps.app.goo.gl/mMDCyAb8k2HeZPp8A,Expanded in 2022,2024-09-20,2024-11-15
